제품,age_skintype,review
비건 립 버터,23세 · 지성 ·,"레드벨벳 사용

여태 발라왔던 컬러립밤들은 은은한 발색이었는데 타 제품보단 발색 잘됨 내 입술에선 핑크끼 아주 약간 섞인 레드로 발색되는데 한번 스륵 해도 발색 괜찮게 나옴 발색 하나만 보는 분들은 이거 추천

근데 모든 컬러립밤의 단점같긴 하지만 보습력이라 해야하나 얘가 유독 없는 느낌.. 입술에 각질 !하나도! 없는 사람들만 추천..^^ 입술 건조해서 '립밤'을 발랐는데 촉촉한거 5분가나? 5분이 뭐야 3분 지나면 엄청 건조해짐

더 웃긴게 본인 전날 밤에 립마스크하고 자서 입술컨디션 좋았단말임? 근데 진짜 한순간에 싹 건조해짐 그냥 발색 약한 립스틱으로 이름을 바꾸세요 립밤은 진짜 아님ㅋㅋ
틴트가 더 촉촉함
이게 뭐람"
비건 립 버터,29세 · 민감성 ·,누드크래커 사용중 ♥?장점♥? ♡ 자연스러운 색감!! (기존 컬러립밤이나 컬러틴트밤 기승전 핫핑크로 입술에 올라와 부담스러웠는데 요아이는 자연스럽게 내 입술색같이 혈색만 살짝주기에 좋은색감!!색감이 과하지 않아서 만족!!) ♡ 비건 뷰티 ♡ 부드러운 발림성+ 입술 각질과 립밤이 뭉치지 않음 ♡ 과하지 않은 광택감 ??단점?? ♡ 보습력이 그렇게 오래가지 않음!!
비건 립 버터,41세 · 민감성 ·,"입술이 트길래 찾다가 새로운 립밤을 찾았어요
웜톤이라 기승전 핑크로 착색되는 게 싫었거든요
얘는 코랄로 발색되고 핑착 아니에요
남사친이 자연스럽게 발색되서 이쁘대요
느끼한 맛도 안나고 무향이어서 더 맘에 들구요
인공색소가 아닌지 자기전에 발라도 된대요
고객센터에 물어봤어요ㅋㅋㅋ
강추합니다 전 ㅋㅍ으로 저렴하게 샀어요"
비건 립 버터,49세 · 건성 ·,"우려와는 달리 딱딱하ㄴ지 않고 기분좋은 부드러움.  질척임 없이 촉촉해서 수정화장시에도 유용. 그닥 좋은 입술상태가 아닌데도 각질 부각없이 매끄럽고 부드럽게 발림. 마스크 써서 예쁜 컬러 별 소용 없고 안좋은 성분의 제품은 이제 좀 피하고 싶어서. 먹는것도 비건쪽으로 기울다 보니 자연스럽게 선택하게 된 제품인데 한율이나 이니스프리 또 뭐였지 암튼 지금까지 썼던 어떤 컬러립밤 보다 만족도가 높음. 케이스 색감과 폰트만으로 브랜드의 감성을 담아낸 디자인도 무척 맘에 듬. 하지만, 역시 립밤컬러의 한계.레드벨벳 인데 너무 무난한 컬러에다 많이 쓰지도 않았는데 케이스가 말을 안 들어. 한번 올라오면 내려갈 줄 모르네. 그래서 굿굿."
비건 립 버터,29세 · 지성 ·,누드크래커 쓰고있어요. 발색이 너무 쨍하지 않으면서 자연스러운 혈색을 만들어줘서 좋아요. 보습도 웬만큼 괜찮아요
비건 립 버터,22세 · 지성 ·,그냥 아주 무난한 컬러 립밤이에요.. 발색 연하고 촉촉하지만 기름지지는 않아요 색감은 웜톤용이 많은 것 같아요 딱히 뚜렷한 장점이 없다고 느껴져요
비건 립 버터,38세 · 중성 ·,디자인진짜예뻐요  발랐을 때 입술위에 겉돌지도 않고 냄새도 냄새도 은은해서 좋았구요 발림도  촉촉해서 넘 만족해요  중요한  가격도 만점이죠!!!!
비건 립 버터,32세 · 건성 ·,맨날 컬러립밤으로 니베아 쓰다가 얘 새로 사봤는데 갠차나여 발색이 아주 강하지 않아서 평소에 막 바르기 너무 좋아여 간만에 맘에 드는 컬러립밤 찾아서 매우 기쁨
비건 립 버터,26세 · 건성 ·,보습은 괜춘 컬러립밤으로는 추천합니당
비건 립 버터,27세 · 건성 ·,"#봄맞이환승템
건조한 입술상태

입술상태가 너무 메롱이여서 컬러립밤을 찾던 중 비건화장품이면서 발색도 자연스럽다고 해서 구매해보았습니다! 기존에 다른 컬러립밤도 4개 정도 사봣는데 이게 제일 좋았어요! 지속력은 그저그런데 다른 칼라림밤은 틴트처럼 나중에 건조해지고 착색이 남던 방면 이 제품은 얼룩덜룩 하지도 않고 계속 촉촉하게 유지가 되서 입술상태가 많이 좋아졋습니다! 저는 #레드벨벳 제품을 삿는데 너무 맘에 들었어요! 자연스럽게 물든 느낌이라 ㅎㅎ 다른 색상도 또 구매할 예정"
비건 립 버터,29세 · 복합성 ·,"가격도 착하고 성분도 착하고 색상도 다양!
한 가지 아쉬운 점은 그 다양한 색상을
오프라인에서 구매하기가 어렵다는 점..ㅠㅠㅠ"
비건 립 버터,29세 · 건성 ·,"23호 피부톤이고 6호 러스트레드 사용했습니다!
요즘 입술 상태가 너무 안좋아서 립스틱, 틴트같은걸 바를수가 없었어요 ㅠㅠ 그래서 이걸 사게되었는데 얘는 입술에 자극이 없어서 요즘 바를수있는 유일한 색 립제품이 되었어용 
발림성도 그냥 립밤같아서 좋구요 크기도 그냥 립밤정도 사이즈라서 주머니에 간편하게 넣어다니기도 좋아요 그동안 써본 색깔있는 립밤들은 쉽게 건조해져서 너무 입술이 따가웠는데 얘는 안건조해요 진짜 그냥 립밤바른것 같아요
색은 적당히 혈색있게 만들어주는 정도예요 제 입술이 발색이 잘 되는 편이 아니라 모든 호수중에 제일 진해보이는걸 샀어요 분위기있는 딥 레드컬러라고 설명 보고 샀는데 막상 발라보면 딥레드까진 아닌듯해요 적당히 혈색 만들어주는 정도입니다
입술에 부담안가는 립제품 찾으시는분들 진짜 추천이예요????"
비건 립 버터,28세 · 복합성 ·,누드클랙커 있는데 광고 많고 좋다고 그래서 여러가지 친구들한테 사줬어요! 특히 비건이라서 좀 더 관심있었고. 색상 무난하고 예뻐요 생얼하든 아님 위에 다른 립 하든 그런데 막~~~~ 좋지는 안들었어요... 좋지만!! 그정도는 모르겠어요 ㅠ
비건 립 버터,23세 · 복합성 ·,"민스코 영상 보고 구매했는데
제형 좋아요! 딱 데일리하게 바를 수 있는 발색립밤이라 넘 무겁지 않고 촉촉한 정도입니다
다만 누드크래커를 샀는데 21호인 제 피부엔 좀 어둡네요ㅠ 다른 색깔로 더 도전해볼까 해요"
비건 립 버터,37세 · 건성 ·,"광고만 보다가 #비건 #패키지디자인 두 단어에 영업당해 구입해봤는데 너무 좋습니다.

원래 립밤 특유의 번들거림 느글거림이 싫어서 니베아쪽은 선호하지 않구요. 아이소이 불가리안립밤이 착 감싸 발리는 느낌이 좋아서 꾸준히 써왔는데 멜릭서 립 버터는 #컬러다양 하고 발랐을때 부담 없으면서 아이소이보다 #촉촉한 편이네요.

#레드벨벳 컬러 사용중이고 피부는 쿨톤이지만 웜톤 쿨톤 다 어울릴만한 컬러라고 생각합니다. 생기있고 아주 #자연스러운레드 색상입니다.

단점은 처음에 립밤 제형이 오목하게 되어 있어서 바를때 좀 불편한데 점점 녹이면서 모양 잡아하고 있어요 ㅎㅎㅎ 처음에는 #오목 하다는 거..!"
비건 립 버터,20세 · 복합성 ·,"*이런 분들께 추천합니다*
(참고로 #레드벨벳 컬러 사용하였습니다)
- 각질이 심한 편은 아님
- 입술에 색이 없어서 생기가 필요하다
- 비건 화장품에 관심이 있다
- 성분이 좋은 립밤을 찾는다
- 디자인이 예쁜 립밤
- 덧발라도 뭉침없는 컬러 립밤

단점은 몇번 쓰다가 다시 돌려서 집어넣을 때 다시 꺼낸 립밤이 다시 안들어가서 눌러줘야되더라구요.. 고장난건지 허술한 건지 모르겠네요 그리구 촉촉함이 오래가진 않아요 다시 건조해져서 각질이 생겨요..다음번엔 부담없이 덧바르게 무색으로 사볼 예정입니다!"
비건 립 버터,20세 · 복합성 ·,"6호 #러스트레드 사용해 봤어요. 천연 비건 재료로 만들어진 비건 립 버터입니다! ????

?? 부드럽고 쫀쫀한 발림성
?? '물먹은 레드'로 자연스러운 발색
?? 은은하게 달달한 과일향
?? 오래 지속되는 수분보습감

멜릭서가 #비건제품 으로 유명해서 사용해 보게 되었어요. 이니스프리에도 비슷한 비건 립틴트 밤이 있어 비교해 봤는데, 이니스프리 제품 보다는 발색력이 약하지만 생각보다 수분감 있는 제품이더라구요. 제형이 무겁지 않은데도 쫀쫀해서 좋았어요. 매우 만족하며 사용 중이라 다른 홋수도 사용해 보고 싶어요.

?? 비건+네추럴한 데일리템을 찾으시는 분들께 추천 드려요! ?"
비건 립 버터,26세 · 복합성 ·,"향도 좋고, 비건이라 더 좋아요"
비건 립 버터,26세 · 민감성 ·,"마스크 써서 화장을 잘 안 한 뒤로 자연스럽게 발색되는 립밤을 찾다 사게 됐어요! 

비건제품에다가 발색력도 ??
촉촉하고 향도 무향은 아닌데 부담스럽지 않아요! 

제가 살 땐 3가지 색 밖에 없었는데 지금은 색상이 추가 출시 된 것 같더라고요! 

가격도 적당하고 색도 예뻐서 재구매 할 것 같아요!"
비건 립 버터,33세 · 복합성 ·,"마침 립밤을 사려고했는데 비건립밤이라고해서 구매했어요. 메이커스에서 색 종류가 더 많길래 거기서 러스트레드색 샀어요 ! 립밤이라 발색은 별로 기대안했는데 발색도 좋고 촉촉하고 쉽게 무르지도않고 양도 꽤 되는거같아서 마음에들어요  립밤이라 묻어나는건 좀 있지만 그런거 신경쓰려면 틴트를 써야하니.... 립밤자체로는 만족 !!
다 쓰면 또 재구매할 의사 있음 !!"
비건 립 버터,26세 · 복합성 ·,"제 최애 인생템이에요. 아가베 무색 3통 다쓰고 4통째 뜯기 직전입니다 ㅎㅎ 아가베 레드벨벳 선셋가든 사용 해봤는데 솔직히 색조 제품은 고르게 발색되지 않아서 제 스타일은 아니에요 연하게 자연스러운 색 좋아하시면 추천이요. 저는 아예 무색이나 틴트,립스틱 처럼 골고루 채우는게 좋아서요. 누드크래커는 저희 엄마가 데일리로 사용 중이에요. 저희 엄마가 피부가 예민해서 립스틱,틴트는 부어올라서 아예 못쓰시고 립밤도 정착을 못하고 계셨는데 이거 성분이 좋은 거 같아서 써보라고 드렸는데 지금 3통째 쓰고 계세요.  진짜 성분 하나는 정말 좋은 거 같아요. 친구들 한테도 하나씩 선물하고 있는데 다들 진짜 좋다고들 해요 ㅎㅎ 제가 화장품은 인생템이 없었는데 이건 진짜 인생템입니다 강추에요."
비건 립 버터,29세 · 건성 ·,"비건 립밤이라고 해서 관심을 가지게 됐는데
확실히 천연립밤 느낌이 나는 향이랑 질감이에요.
색도 자연스러운 입술색이라서 가볍게 바르기 좋아요!"
비건 립 버터,26세 · 복합성 ·,행사도 자주하고 부모님 선물 지인 선물 등 두루두루 나눠주고있는데 다들 좋다해요 ! 저도 너무 만족해서 재재재구매 하고 환절기에는 꼭 수시로 발라줍니당! 성분도 순해서 좋아요
비건 립 버터,26세 · 건성 ·,"립밤 종류인데 비건에 색 종류가 엄청 다양해서 충동구매했어요.
근데 생각보다 품질이 매우 좋아서 만족하며 쓰고 있어요.
입술예민보스인데 이 제품 쓰면서는 간지럽거나 입술에 뭐가 나거나 하지 않아서 더더 좋아요.
다 쓰고나면 재구매해서 꼭꼭 쟁겨놔야겠어요!!"
비건 립 버터,36세 · 지성 ·,"마켓 컬리에서 구매했습니다. 비건 립밤이라길래 써보고 싶은 생각이 들었거든요. 발색, 질감, 지속력 등 대체로 쏘쏘한 제품입니다. 특별히 좋은 건 아닌데 립밤 기본 기능에는 충실한 것 같아요. 그리고 패키지가 아이보리색으로 차분한 느낌이 들고 예쁩니다. 마켓 컬리에서 좀 더 다양한 색을 팔았으면 좋겠는데 세 가지 색밖에 안 팔더군요. 제품 자체는 여섯가지인가 여덟가지인가 색상이 있었어요. 저는 레드벨벳 씁니다. 앞으로 엄청 좋은 제품 발견할 때까지는 이 제품을 쓸 거 같아요"
비건 립 버터,24세 · 건성 ·,마켓컬리에서 자주 보이길래 구매했습니다! 무광 케이스가 너무 맘에 들어서 약간 인스타 갬성 느낌으로 구매했어요. 자연스러운 혈색 립밤을 찾아 남성용 제품까지 구매해서 써봤었는데 이 제품이 제일 맘에 들어요! 발색이 과하지 않지만 너무 없지도 않은 딱 적당한 제품입니다. 무엇보다 끈적이지 않지만 보습력이 좋았어요! 아쉬운 점이라면 가격이 좀 비싼거같아요. 전 마켓컬리 쿠폰에 포인트까지 끌어다가 샀긴 했지만 정가라면 고민할거같네요 무른 편이라 양이 일찍 줄거든.
비건 립 버터,37세 · 복합성 ·,비건립밤 이라고해서 구입했어요. 디자인.케이스가 심플해서 좋았어요. 비건제품은 처음 써봐요 향도 그렇고 제형이 단단한편이라 무르거나 부러질 걱정은 안드네요 립밤이라 컬러발색은 약하지만 성분이착해서 컬러도 양하구요 가격도괜찮고 계속쓰고싶어요.
비건 립 버터,25세 · 복합성 ·,1줄 평가 : 보습력은 뛰어나지 않지만 비건에 진심인 폼. 보습력은 그저 그래요. 니베아 급은 아닌데 그냥 립밤 정도? 끈적거리지 않지만 여러번 덧발라줘야 각질이 트지 않아요. 아가베와 시어버터를 강조했지만 정작 해바라기씨오일이 첫번째인 건 웃음포인트... 하지만 페트롤라튬이나 석유와 관련된 원료가 없다는 점. 동물성원료를 배제했다는 점 세일 시 합리적인 가격. 튼튼한 케이스 리사이클 프로젝트를 한다는 점. 카민을 배제했다는 점이 마음에 들었습니다. 15년 정도 립밤을 수도없이 사왔지만 이만큼 비건에 진심인 브랜드는 디어달리아와 멜릭서 정도인 것 같아요. 심지어 멜릭서는 동물성 원료까지 뺐다는 점에서 마음에 쏙 들었습니다 ++) 3호 레드벨벳 추가로 구매했어요. 무색인 1호보다 더 촉촉한 거 같아요. 1호보다 3호 더 추천합니다. 
비건 립 버터,27세 · 지성 ·,"계란, 닭고기, 갑각류 알레르기 있는 사람입니다. 해당 음식을 섭취하거나 몸에 안 맞는 화장품을 바르면 입 양쪽 끝의 피부가 찢어지고 피나는 알레르기성 염증을 가지고있어요.

본 립밤이 비건 인증 제품이라 사봤는데, 다음날 아침 입가가 화끈거리면서 찢어져서 피가 났네요. 그전날 평상시 데일리 루틴을 보냈고 다른 특이사항이라고 하면 이 립밤을 바른 것밖에 없습니다.

보통 사람이라면 발라도 무관하겠지만 저처럼 피부가 예민한 사람이라면 다른 비건 립밤을 찾아보시는게 좋을 것 같습니다."
비건 립 버터,31세 · 지성 ·,여름에 가볍게 쓰기 좋을거 같은데? 이정도로 가볍고 얇게 발림ㅋ 항상 입술 각질 후두두 일어나은 나한텐 필요없다고 생각되지만 ㅋ 그래도 립스틱 위에 바를 땐 얇게 발려서 립이 지워질 일이 없긴함
비건 립 버터,31세 · 민감성 ·,"사용컬러: 3호 레드벨벳

(+) 가성비 좋은 컬러립밤
(+) 비건 코스메틱:)
(+) 끈적이지 않음
(+) 립스틱이나 틴트 바르기전에 건조하지 않게 1차로 사용하기 좋음
(+) 쌩얼 시 생기를 살짝 불어넣어주는 용도로 좋음

(-) 아무래도 립밤이다 보니 컬러발색은 많이 약한 편: 평소 나스 컬러립밤 사용중이었는데 비교시 멜릭서가 발색이 더 약했음
(-) 보습력이 뛰어나지는 않음: 촉촉하지만 시간이 지나면 흡수가 다 되어서 다시 건조해짐"
비건 립 버터,15세 · 지성 ·,제가 지금 까자 사용한 컬러 립밤중 가장 좋은 제품입니다 생얼 바르면 혈색이 도는 느낌을 받을 수 있어 화장 하기가 귀찮으신분들은 마스크 안에 이 립밤 발라도 괜찮을 정도 입니다 그리고 오버립으로 한 번 발라봤는데 예쁘게 잘 되서 요즘에는 오버립으로 바르고 있습니다 그리고 이건 비건 제품이라서 그런지 믿고 살 수 있었습니다 여러번 바르다보면 색이 안 예쁘기 올라오는 립밤을 있는데 여러번 바르다 보면 더 예뻐 보이는 립밤이였습니다
비건 립 버터,25세 · 복합성 ·,"누드크래커 색상사용해보았는데,
바르자마자 색상이 진하게 올라오지 않고, 시간이 지나면서 점점 색상이 올라와요! 컬러는 생얼에 바르기 너무 좋고 핑크끼 하나도 안돌고, 입술 혈색을 주는 컬러라 무난히 막 바르기 좋아요 -(*’□’*)?

무겁게 발리지도 않고 여러번 발라도 두껍게 쌓이지도 않아서 너무 좋고, 보습력도 무난하면서 향은 은은하게 살짝 달달한 향이 나는 것 같아요 ! 

진짜 생얼템에 걸맞는 아이템이라서, 가볍게 바르고 다니기 좋아요! 저의 주머니템이 되어버렷슴니다 ><"
비건 립 버터,40세 · 민감성 ·,"시어버터, 아가베 시럽 추출성분이 들어있는
고보습 립밤이에요
천영 비건 립 버터라 더욱 정감가는 브랜드~
부드럽게 발려져 보습에도 좋고
자연스런 내 입술색과 찰떡인 발색으로
데일리템으로 너무 좋아요
촉촉하게 발리면서 끈적임없이 흡수되서
겨울철 입술케어에 추천해요 ~"
비건 립 버터,28세 · 건성 ·,비건이라길래 샀어요. 02누드크래커로 샀는데 화장 안 하시는 분들 자연스럽게 바르기 좋습니다. 틴트도 립스틱도 바르면 입술피부가 난리나는 편이라 컬러립밤 바르는 편인데 간혹 컬러립밤 중에서도 뒤집어지는 제품이 있는데 이건 그냥 딱 깔끔하고 좋아요. 다음에 또 구매할 듯.
비건 립 버터,21세 · 지성 ·,집에만 있다보니 스킨케어도 안해서 입술에 각질파티가 열려서 스틱형 립밤으로 슥슥 바르고 자려고 샀어요ㅋㅋ 비건 제품이라길래 무색으로 한번 구매해봤는데 마음에 들어요! 단단한 제형에 과한 번들거림 없이 부드럽게 발립니다 약간의 레몬향 정도인데 바를때만 나고 무향이에요 단점은 역시 보습력이 강하지 않기는 해요 데일리 립밤이나 많이 건조하지않은 입술은 괜찮지만 입술이 많이 건조하신 분들에겐 부족할 것 같아요
비건 립 버터,24세 · 건성 ·,레드벨벳 쓰고 있는데 민낯에 적당히 혈색 돌게 색감이 올라오고 겉돌지 않아요. 전에 다른 컬러립밤을 썼을 땐 겉돌고 발색은 별로였어서 컬러립밤에 대해 좋은 기억이 없었는데 얘는 전혀 안그래요. 립밤이다보니 밥먹으면 싹 다 지워지는 건 어쩔 수 없어요. 케이스가 엄청 튼튼합니다. 다만 흰색이라 립밤 색이 묻어요.
비건 립 버터,31세 · 민감성 ·,"비건이라 그런디 기름이 번들하지도 않고 딱 촉촉하게 발려요
쌩얼에 바르려고 색 고민 많이 했는데, 쌩얼 피부가 밝은 편은 아니라 색이 있는걸로 골랐고 #레드벨벳 이에요! 
쌩얼에도 이질감없이 어울리고 잘 발려요
넘 맘에 들어서 평소에 화장하고도 밖에서 쓱쓱 잘 바를거 같아요
각질 있을때 색 뭉치고 뜨는건 감수해야되는데 각질 없을땐 색도 넘 이쁨

이번 겨울내내 입술이 너무 터서 바이오더마 달고 살았는데도 각질이 없어지지 않았거든요? 멜릭서 일주일 바르고 각질 모두 사라지고 입술이 반질반질해졌어요 신기방기??"
비건 립 버터,29세 · 복합성 ·,"스무-스하게 발리는 마무리감이 가벼운 비건 립밤
무색으로 구매했는데 다음엔 색 있는것도 사서 써보고 싶다 끈적임 없어 좋은데 바를때 입술에 착 붙기보단 뭔가 겉도는 느낌이다 근데 음파 해보면 발려있긴 함 좀 이상한데 촉촉함도 꽤 오래감 번쩍거리지 않아서 가벼운 보습립밤 찾는 분들에게 추천추천!"
비건 립 버터,30세 · 건성 ·,"2호 누드크래커 사용중입니다!!
생각했던것만큼 발색이 진한건 아니라서 조금 아쉬웠지만 바르면 입술이 너무 편안해서 좋아여
본래 촉촉한 립밤타입는 입술 바깥으로 밀려나서 잘안착이안되는데 얘는 촉촉한데 매트한립스틱바른듯한 느낌과 비슷해서 좋더라구요
눈화장만 해주고 입술발라도 분위기있고 맨얼굴에 바르기에도 컬러가 아주 딱이네염ㅎㅎㅎ"
비건 립 버터,25세 · 건성 ·,"보습에 충실한 립밤 그 자체인 립밤입니다
컬러감이 있는 제품은 딱 혈색이 돌 만큼 올라와서 좋아요
향은 좀 달달한 향이 나고, 맛은 따로 없습니당"
비건 립 버터,22세 · 지성 ·,"성분, 패키지 디자인 모두 완벽한 스틱형 립밤이지만 단 하나 가지지 못 한 것이 있는데,, 제형-스틱형이라 고체이지만 처음 사용할 때만 좀 딱딱하고 그 후에는 체온에 녹아 바르기 딱 좋은 정도로 살짝 물러져요향-레몬? 레몬인지는 모르겠는데 상큼한 과일향 같은게 나요 근데 바르면 향은 잘 안 나요.. **수정**상큼한 향이였는데 쓰면 쓸수록 생강 냄새 나요ㅋㅋㅋ 생강에 꿀 좀 탄 그 생강차 냄새 나요ㅋㅋ 불만족은 아닌데 좀 신기하네요. 가격-고오급진 패키지에 만족스럽네요 다만 그래서 가격이 조금 나가는게 아닌가 생각도 들지만..성분도 착하니 이정도 가격이면 적당한 듯 싶네요. 발림성-립 버터인데 위에서 말했듯이 처음엔 딱딱하다 좀 녹으면 버터처럼 부드럽게 발려요. 보습..-ㅎㅎ..다 가졌지만..보습은 그저그래요ㅠ 마무리감이 살짝 미끌거려서 보습력이 괜찮겠네 싶었는데 너무 얇게 발려서 지속력이 그닥 좋지는 못해요 보습도 좀 약해서 여러번 덧발라주고 있어요. 진짜 가볍게 사용하기 좋지만 겨울철 건조함을 견디기엔 너무 약해요 여름에 사용했으면 더 좋았을 듯 해요"
비건 립 버터,33세 · 복합성 ·,비건제품에 부쩍 관심이 많아진 요즘 멜릭서 라는 브랜드를 알고나서 버츠비 카멕스를 쓰다가 아가베 제품을 항상 지니고 다녀요 자기전에 그리고 건조할 때 자주 바르는데 무향이지만 촉촉하고 끈적임 또한 없어서 인생템이 된 것 같아요.가격은 조금 있는 편 이지만 동물실험을 하지않는 착한브랜드니까 좋아요! 세일할 때 많이 쟁여둘까 해요♡
비건 립 버터,31세 · 건성 ·,"(레드벨벳 컬러) 
착색은 없지만 확실하게 발색되서 쌩얼에 바르게 좋아요"
비건 립 버터,30세 · 중성 ·,그냥 쏘쏘에요. 발색력도 보습력도! 저한테는 좀 탁한 느낌.
비건 립 버터,25세 · 민감성 ·,"3호 레드벨벳
맑은 물빛 핑크레드 컬러의 립밤입니다?? 라이트한 톤, 핑크 톤이 잘 어울리는 쿨톤분들께 추첩합니다!! 발색은 생각보다 더 강하지 않은 편이에요??
6호 러스트레드
톤다운된 버건디빛 물빛 컬러를 가진 립밤이에요!! 컬러 자체는 굳이 따지자면 웜톤에 가까운 컬러인데, 워낙 물빛으로 투명하게 발색되기 때문에 쿨톤인 제가 써도 괜찮더라구요!! 딥한 컬러&미지근한 톤이 어울리는 쿨톤분들 + 웜톤분들께 추천합니다??"
비건 립 버터,16세 · 지성 ·,"러스트레드 색상 사용했습니다 ??

??좋았던점??
비건제품이라 환경에도 좋고 보습력도 좋다길래 구매해봤는데요 컬러도 이쁘고 보습력도 진짜 좋았어요 ! 특히
러스트레드 색상은 학교에서도 무난하게 사용할수있고
평소에도 무난하게 잘 바르고 다니고있습니다 ??

??아쉬웠던점??
처음 바를땐 가장자리가 튀어나와서 바를때
조금 불편했어요ㅠ"
비건 립 버터,29세 · 민감성 ·,"케이스가 너무 예뻐서 홀렸어요.. 근데 제품도 기대보다 좋아요 쫀쫀까지는 아니어도 쫀까지는 가는 느낌 발리는 느낌도 부드럽고 주름에 안끼어서 막 바르기 편해요
다만 스틱타입이라 밤타입처럼 엄청난 보습력은 아닙니다 그냥 데이용으로 좋아요"
비건 립 버터,24세 · 복합성 ·,진짜 너무 좋아요.....! 첨바르면 기름처럼 본들번들하긴 한데 이내 곧 스며듭니다. 그리고 제일 좋은 점은 특유의 석유냄새가 안나고 딱 그냥 그 오렌지 형만 나요 여태껏 쓰던 건 다 화학약품 내새났는데ㅠㅠㅠㅠㅠ존좋 누드크래커는 근데 발색 매우 약함
비건 립 버터,35세 · 복합성 ·,"비건립밤이라고 해서 호기심에 구매해봤어요
2호 누드크래커 사용중이고 같은컬러 하나 더 구매해서 지인선물했습니다

끈적임없이 부드럽게 녹아스며들듯 발리고
컬러발색도 꽤나 잘 올라옵니다

처음엔 보습효과가 1도 없는거 같은데
꾸준히 바르면 입술각질이 부들부들 가라앉아요
 
자연스럽지만 잘 올라오는 컬러덕에 쌩얼에 생기부여 제대로 해줘서 잘 사용중!"
비건 립 버터,27세 · 건성 ·,"요즘 너무 건조해서 립밤을 알아보다가 비건에 케이스도 예뻐서 주문했어요! 

생얼로 다니는 일이 많아지면서 무색 립밤보다는 컬러 립밤을 주문했는데 정말 딱 예쁜 혈색을 완성해주더라구요. 컬러 립밤은 가끔 많이 바르면 입술만 동동 떠서 이상해지는데 이건 그럴 일도 없고 보습감도 적당해서 앞으로 계속 쓸 것 같아요"
비건 립 버터,35세 · 복합성 ·,"타 어플에서 세일하길래 사본 립 버터
끈적이지 않고, 각질 밀림현상도 없고
색은 엄청 자연스러움
약간 발릴 때 제 기준엔 꾸덕해서 별하나는 뺌"
비건 립 버터,25세 · 복합성 ·,"입술 잘트는 사람들
겨울에 입술 건조한 사람들
이거쓰세요"
비건 립 버터,32세 · 건성 ·,"레드벨벳 사용중이에요. 요즘 마스크쓰구 다녀서 화장도 잘 안하는데 립만 바르기 좀 뭐해서 컬러립밤알아보고 구매했어요. 마스크에 좀 묻어나오긴 하는데, 틴트나 립스틱이나 바르긴 부담스럽고 안바르자니 너무 아파보이고.. ㅠ ㅠ 생기없어보이고.. 자연스럽게 이쁜 입술색을 만들어줘서 기분좋더라구요. 케이스도 심플하니 예쁘고 궁금한제품이 하나 있긴한데 한번사용해보고 별로면 다시 재구매할거같아요. 항상 립밤 반도 사용못하고 버렸었는데 컬러립밤이라 그런지 계속 사용하게되더라구요. 아마 처음으로 다쓰게되는 립밤이 아닐까싶네요!"
비건 립 버터,31세 · 민감성 ·,가격이 좀 비싸긴 하지만 비건립밤이고 패키지가 맘에들어서 샀어요! 어떤립밤은 바를수록 주변이 뭉개지면서 지저분해지는데 이건 안그래서 좋아요 향도 거의 무향이라 역한느낌 없고요 보습력도 무난해요. 다만 가격대비 양이 적은게 ㅠㅠ 어쨌든 굿굿! 컬러립밤도 궁금해지네요
비건 립 버터,25세 · 민감성 ·,"#레드벨벳
커플템 이것저것 사는김에 립밤도 커플으로 하자 해서 샀어요.
심플하거나 무난한 디자인이 좋지, 대놓고 나는!!!남자용 립밤이다!!!!하는 디자인들은 뭔가 호감이 안가더라고요. 암튼 그래서 디자인도 부담없고 딱 혈색처럼 발색돼서 남자 립밤으로도 아주 좋아요!
바르니까 보습되면서 쫀쫀하고 보들보들한 느낌...
상큼한 향인것도 좋고
지속력은 막 바른거라 아직 모르겠네요.
암튼 비건이라서 더 좋아여 ㅎㅁㅎ"
비건 립 버터,32세 · 건성 ·,"어쩌다 얻어서 색 없는 아가베 사용해 봄. 일단 디자인은 맘에 들었음. 브랜드의 아이덴티티가 잘 녹아있어 보임.
근데 내 입술은 이 친구로 건조함을 채우기엔 부족했다고 한다..ㅜ 물을 자주 마셔서 입술이 건조한 편이긴 한데 그래도 보습감이 2시간을 못넘기는건 좀 너무함..ㅠ 그리고 마무리감이 약간 오일리해서 이거 바르고 그 위에 매트립스틱 바르면 좀 뭉치기도 해요.."
비건 립 버터,28세 · 복합성 ·,"컬러립밤 매니아예요. 누드크래커 색상은 연하고 자연스러운, 쌩얼에 좋은 칼라예요. 가끔 컬러립밤이 색만 동동 뜬다거나, 건조할때 각질만 색깔로 물든다거나, 촉촉함보다는 비닐처럼 오일막만 덧바른 느낌이라거나 하는 경우가 있는데 이건 색상이 자연스럽게 스며들고, 뭣보다 촉촉하네요. 립밤을 못 발라서 입술이 바짝 마른 상황에서 사용해봤는데도 컬러립밤치고 괜찮은 보습력이에요. 그리고 케이스가 정말 가벼워요. 그렇다고 헐랭하진 않은데... 너무 가벼워서 본품 얼마나 들었나 끝까지 올려봤어요. 양도 적지 않은데 엄청 엄청 가벼워요."
비건 립 버터,26세 · 복합성 ·,솔직히 디자인 때문에 너무 홀려서 사게된 제품인데 써보면 써볼수록 보습감과 촉감이 좋아서 계속 손이 가게된다. 무색쓰는데 일단 옅은 시트러스 냄새가 나서 1차 합격이고 립밤을 바르고 생활하고 있어도 입술에 립밤이 올려져있다는 무언가의 느낌이 덜 나서 2차 합격. 비건이라는 것도 마음에 들고 제형이 정말 좋은거 썼구나 바로 느낄 수 있어서 진짜 잘 쓰고 있음
비건 립 버터,36세 · 복합성 ·,"비건인데 왤케 촉촉하져 #립밤추천
크 최근 구매한 립밤중 제일 마음에 들어요
올리브영 행사때 샀는데 더 쟁여야될듯
바를때도 촉촉하고 촉촉함 지속력도 좋아요
유세린, 더마토리, 바이오더마, 유리아쥬 보다도 촉촉!"
비건 립 버터,28세 · 민감성 ·,"바터라서 구매했어요!
케이스 확실히 이뻐요 !
누드크래커 색생도 이쁜데
근데 촉촉한 느낌은 좀 없네요.."
비건 립 버터,27세 · 건성 ·,비건이라 환경 보존에 일조한다는 생각은 들엇지만 촉감과 발색력이 너무 안나와서 슬픈 템
비건 립 버터,26세 · 중성 ·,"아...예뻐서 샀어요. 솔직히ㅋㅋㅋㅋ
케이스가 너무너무 예뻐서 바를 때마다 기분이 좋습니다. 

발색: 누드 크래커는 색이 정말 예뻐요. 입술 컨디션에 따라 연한 칠리색이 나기도 하고 또 어떤 날은 색이 거의 없는 매직을 보여주긴 하는데 그래도 예쁜 색 납니다. 립밤이 쨍한  핑크색 쨍한 코랄색 쨍한 빨간색 나는 것 정말 싫어하는데 말간 색이라 저는 오히려 좋았어요. 블러셔로 쓰면 피부 좋아보여요!!! 레드벨벳도 궁금해집니다.

보습: 생각보다 여기 보습 평이 안 좋아서 놀랐어요. 각질도 금방 잠재우고 무엇보다 각질 사이사이에 색깔이 끼는(?) 립밤이 아니여서 저는 만족스러워요. 

가성비: ㅜㅜ..눔물...ㅜㅜ 산 지 얼마 안됬는데 엄청 많이 썼어요. 그래도 립밤 묵혀놨자 유통기한만 지날뿐!! 예쁜 거 부지런히 씁니다."
비건 립 버터,25세 · 복합성 ·,"일단 비건 제품이라 좋아요!
지인이 비건이라 본인거 주문하면서 선물해줬어요!
비건제품은 처음 사용해봤는데
환경에 도움도 되는것같고 기분이 좋더라구요 :)
향은 일반 버터향이에요! 
거부감 없는 향이고 먹게되더라도 별로 느낌이 없네요 :)
촉촉함은 오래가는편이에요 
가볍고 작아서 손이 자주가요
디자인도 하얗고 심플해서 예뻐요 굿!"
비건 립 버터,25세 · 민감성 ·,"03 레드벨벳 ?? 솔직히 케이스 보고 샀습니다. 깔끔한 매트 화이트라 예뻐요. 가벼운 플라스틱 느낌 아니에요. 러는 맑은 레드예요. 웜쿨 치우치지 않은 딱 중간톤 레드! 습력은 아주 좋지는 않고 건조한 느낌 없앨 정도의 촉촉함만 느껴져요. 대신 컬러가 밀리지 않고 안정적으로 올라갑니다. 울에는 보습력이 약간 아쉬울 것으로 예상되지만, 이외의 계절에는 아주 잘 사용할 것 같아요??06 러스트레드 ?? (20.12.23 추가) 보습력은 여전히 살짝 아쉽지만(그래도 입술이 마르는 타입은 아님!) 깔끔하게 올라가는 제형감이 마음에 들어서 다른 색상으로 하나 더 구매했어요. 러스트레드는 톤다운된 다홍색으로 오렌지보다는 레드에 가까운 다홍색이에요. 버츠비 틴티드 립밤 레드달리아에서 채도 약간 올린, 발색 강한 버전이랄까요...?? 올리브톤인 본인에게는 채도가 떨어진 러스트레드가 안정적으로 잘 받았습니다. 세 번 째 구매도 러스 레드로 할 것 같아요. 색상 넘무 마음에 듭니다...! 완벽한 민낯용 립밤이에요?? 튼튼하고 예쁜 케이스에 제품력도 괜찮아요. 프로모션 때 구매하면 가격대도 나쁘지 않아요. 추천합니다!"
비건 립 버터,28세 · 복합성 ·,"저는 2호랑 3호 둘 다 써봤는데
2호는 진짜 쌩얼에 바르면 완전 자연스럽게 올라가는 색상이고 3호는 약간 립글로즈 바른 느낌의 색상이었어요
남자분들이 발라도 자연스럽더라구요ㅎㅎ
립밤 치고 둘 다 색상이 너무 예뻐서 만족했고 보습력도 전 만족했습니당 :)"
비건 립 버터,31세 · 건성 ·,"토너 사면서 같이 샀어요
버터라는 이름에 홀려서 ㅋㅋㅋㅋ
뭔가 보습 짱짱할 것 같았는데 닉값하네요 ㅋㅋㅋ
일부러 색 없는 아가베 사서 수시로 발라주고 있습니다 만족해요ㅎㅎ"
비건 립 버터,24세 · 민감성 ·,"레드벨벳 컬러 구매했어요.
너무 기름지지 않아서 데일리용으로 딱이에요.
발색은 틴트나 립스틱이 아니니까 거의 없어요.
진한 발색을 원하시는 거 아니면 립버터로 짱이에요."
비건 립 버터,24세 · 중성 ·,"좋아요
향도 좋고 촉촉함!
무색, 레드벨벳? 누디크래커 세 색상 다 써봤는데
전 레드벨벳이 젤 좋더라구요 ㅎㅎ
색 별로 안진해서 남자 분들 쓰기에도 좋을 것 같아요

근데 바르면 입술이 벗겨진다고 해야하나.. 오히려 각질이 생기면서, 그게 벗겨지면서 좀 아파요..
기분탓인줄 알았는데 제가 좀 안맞나봅니다..
그래도 촉촉한 립 바르고 싶을 때는 자주 발라요ㅋㅋㅋ"
비건 립 버터,18세 · 복합성 ·,"우선 비건제품이라는 점에 더욱 손이 많이 가더라구요! 

색상은 착색은 거의 없지만 립밥 치고는 진한 편 이였어요
블러셔로 사용해도 은은한 광이 나면서 예쁘더라고요
쌩얼에 혈색 주기에도 좋고 립 케어까지 되니까 개인적으로 만족한 제품이에요!"
비건 립 버터,30세 · 복합성 ·,"비건 립 버터 일단 케이스 간지나요
견고해요 화장품이
색깔이 별로 안나는게 좀 아쉽긴 하지만
그걸 바라고 산건 아니니까
번들거리지 않고 촉촉해요"
비건 립 버터,37세 · 중성 ·,"비건 화장품 브랜드 처음 써보는데 넘 좋네요.
발림성도 좋고 디자인도 예뻐서 만족스러워요.
환경을 생각하는 브랜드인데 제품 퀄리티도 좋아서
앞으로도 계속 쓸 것 같네요."
비건 립 버터,27세 · 지성 ·,"3호 레드벨벳 컬러 사용중입니다. 컬러 립밤이 으레 그렇듯 발색력이나 보습력을 기대하진 않았기 때문에 무난하게 사용하고 있습니다. 쌩얼에 가볍게 혈색 내주기에 좋은 아이템 같아요. 

무엇보다 비건 제품이라는 것, 무취의 향이나 깔끔하고 새련된 패키징이 예뻐서 누구에게나 선물 하기 참 좋은 제품입니다. 

 단 재구매하게 된다면 지금 쓰고있는 컬러립밤 보다 동일 브랜드의 무색 제품으로 구매하게 될것 같네요"
비건 립 버터,23세 · 복합성 ·,"3호 레드벨벳 사용
일단 비건이라서 구매했는데, 너무 만족! 패키지 고급스럽고, 색감 너무 연하지 않게 올라오고, 보습감도 좋음. 하나만 발라도 자연스럽게 촉촉한 입술이 됨. 멜릭서 다양한 오프라인 매장에 입점됐으면 좋겠음..."
비건 립 버터,26세 · 복합성 ·,"?????????? ?????? ???????????? : this lip Balm contains Shea butter With Agave and other ingredients.
This Balm was so good for my lips, left it smooth and soft ??"
비건 립 버터,35세 · 복합성 ·,제품의 냄새가 일단 짱이고 전 누드크래커를 사용하는데 색상이 시간이 지날수록 더 이쁘고 매칭하는 블러셔를 쓰면 얼굴에 활색이 돋아요! 비건이여서 더 좋구요!!! ㅎㅎㅎ
비건 립 버터,19세 · 복합성 ·,"립 밤 치고는 버츠bee 처럼 번들 거리지도 않고 처음 보는 질감(?) 임. 향도 없고 색이 있는거 없는거 다 무난하게 쓸 수 있음. 쿨톤은 레드벨벳, 웜톤은 누가 크래커 컬러가 굉장히 자연스러움. 언니랑 둘이서 3가지 전부 구매해서 쓰고 있는데 립 밤은 마음에 듬. 하지만 한두번 떨어뜨리니까 통이 분리되어서 뚜껑이 안 닫힌다. 용기때문에 아쉬웠는데 관리만 잘하면 괜찮은 립밤 이다."
비건 립 버터,30세 · 지성 ·,레드벨벳 컬러. 비건 화장품이 뜨고있으니까 립밤으로 구매해봤는데 움 성분이 한계가 있어서인지? 조금 다른 립밤을에 비해서 즉각적인 보습이나 수분 충족은 안되 느낌? 그래도 발림성이나 발색은 다 쏘쏘! 근데 바르면 왜 플럼핑처럼 입술이 따끔 따끔한지..? 심하진 않은데 바르고난 후 살~짝 따끔하다ㅠㅠ 발림성 ?????? 발색력 ???? 자극 ?? (자극있음) 보습력 ??
비건 립 버터,22세 · 중성 ·,제품 패키지 좋고 색도 연핑크라 이쁘고 첨에는 진했는데 각질부각 리모넨리날룰 때문에 따가웠는데 살짝만 윗입술도 따갑네요 성분 보완하면 살 거 같아요 테두리에 번져서 건조해서 아쉬운
비건 립 버터,25세 · 복합성 ·,"아가배랑 누드크래커
둘다 제형은 비슷
부드럽게 발리고 쫀쫀한 느낌은 아니다
입술이 답답하지 않아서 좋은데
색이 있는 립밤과 없는 립밤의 보습력이 비슷하다
보통 무색이 더 보습력이 좋은데 이 제품은 아닌듯
누드 크래커는 발색이 핑크 코랄로 올라오는게 아니라 정말 약간의 혈색만 더해주는 느낌
입술 색 있는 분들은 차이가 없을 수도 있다
가볍게 바르기 좋은 립밤"
비건 립 버터,32세 · 건성 ·,"3가지 컬러 모두 구매!
1,3호만 사용하고 있습니다
적당히 촉촉하고 지속력도 괜찮아요
무엇보다 브랜드가 매우 신뢰가 가더라구요!

3호 컬러 사용전엔 아이*이 립밤 쓰고있었는데 은근 장미향이 진했거든요 근데 이제품 진짜 자극1도 없고 컬러도 예쁘게 나와요ㅠㅠ

출산하고도 애용할꼬에용"
비건 립 버터,33세 · 복합성 ·,"인생립밤을 만났음.

향이 무향에 가까울 정도로 은은해서 거부감 없음.
번들거리거나 끈적이지 않음.
누드크래커 기준으로 색이 정말 이쁨. 내 입술색보다 조금 더 진한 정도라서 맨얼굴에 발라도 자연스러움. 소올직히 나는 화장을 매우 연하게 하는 편이라서 앞으로 립스틱이 필요없을 것 같음. 
촉촉함 자체는 오래 안가는데 촉촉함이 지나면 보드라움이 찾아옴. 입술이 자연스럽게 코팅되어서 거슬리지 않음.이 보드라움이 아주 오래감. 

단점으으으은 인터넷으로만 구매해야하고, 촉촉함을 좋아하시는 분들은 아쉬울 수도 있다는 점."
비건 립 버터,28세 · 복합성 ·,"2호 누드크래커 사용 중입니다. 비건 스킨케어라는 컨셉이 궁금했고 마침 쓰던 립밤이 다 떨어져가고 있어서 구입했습니다. 1. 발색이 정말 연합니다. 공홈에서 2호는 '자연스런 혈색'을 더해준다는 식으로 소개해놨는데, 정말 약~~~~~~~간의 혈색만 더해준다는 느낌의 발색입니다. 이 제품에 발색을 기대하시면 안 됩니다. 특히 본래 입술색이 진한 분들은 이 제품을 바르면 1호와 거의 차이가 없을 것 같습니다. 전 컨디션에 따라 입술색 차가 큰 편이라 입술색 없을 땐 그럭저럭 아주 약간의 혈색이 더해지는듯하지만 입술색이 있을 땐 그냥 무색 립밤 같습니다. 2. 보습력은 괜찮고 틴트나 립스틱의 밀착력이 떨어지지 않습니다. 애초에 이런 스틱형 립밤에게 진한 보습을 기대하지 않아서 이 립밤 정도 보습력이면 저는 만족했습니다. 약간 번들거리지만 제법 촉촉하고 가볍게 입술에 올라갑니다. 무엇보다 이 립밤을 한두번 가볍게 바르고(그럼 색이 거의 안 납니다), 그 위에 틴트나 다른 립스틱을 올리면 그것들이 밀리거나 이에 묻어나지 않습니다. 밀착력에 큰 악영향을 주는 것 같지 않더군요. 사실 보습력보다 이 점이 제겐 더 큰 장점이었습니다. 3. 기타 등등 향은 무향에 가깝고 케이스 디자인이 깔끔해서 가지고 다니기 민망하지 않습니다. 성분도 괜찮구요. 4. 단점 발색이 너무 연한 게 제겐 단점이었고, 공홈으로만 구입가능해서 접근성도 떨어집니다. 립밤 치고 +배송비하면 만원중반대인 가격도 부담되구요. 그 가격 주고 살만한 뚜렷한 장점은 없는 것 같습니다. 5. 총평 겨울에 립스틱 대용으로 촉촉하게 발라볼까 생각하며 샀습니다만 발색이 너~~~~~무 연해서 그렇게는 못 쓸 것 같습니다. 그래도 케이스 예쁘고 성분 괜찮고 무향이고 보습력 나쁘지 않고 립제품 밀착력을 떨어뜨리지 않는다는 점에서 무난하게 쓸 것 같습니다. 립밤 치고 비싼 편이고 접근성이 떨어져 재구매의사는 없습니다."
비건 밸런싱 토너,21세 · 복합성 ·,촉촉합니다!!!! 건성인 어머니랑 복합성인 제가 둘다 잘 쓰고 있어요 병을 뒤집을 때마다 병 모양이랑 제형 특성상 옆으로 흘러내리는 게 좀 귀찮기는 하지만.. 끈적임 같은 거 없이 산뜻하게 마무리되는 게 좋았어요 가격도 낫배드
비건 밸런싱 토너,30세 · 건성 ·,"비건토너 선물받아서 쓰고있는데 애매하네요 ㅠ디자인은 깔끔하고 딱 예쁜데 제형은 주르르 물같구요, 갠적으로 보습력도 부족해요 비건제품들은 원래 효과보기가 쫌 오래 걸릴까요... 기대했던 제품이라 아쉽네여"
비건 밸런싱 토너,31세 · 민감성 ·,"병이 예뻐요
닦토로 사용 중입니다.
냄새가 녹차?같은 냄새에요
닦으면서 건강해지는 느낌 나욯ㅎ
건성한테는 별로 일 거 같아요"
비건 밸런싱 토너,26세 · 지성 ·,"열감을 잘 내려주고 자극 받은 피부를 잘 진정시켜주어서
여름 내내 잘 썼던 토너
화장솜에 듬뿍 적셔서 토너팩으로 사용해주기도 좋았던 제품
녹차추출물을 담아 간결하게 완성한 점이 좋았고
무엇보다 브랜드의 철학이 마음에 들어서 
사용하면서 괜히 기분이 좋았던 기억이 있다"
비건 밸런싱 토너,26세 · 복합성 ·,"냄새가 건강한 냄새에요 ㅋㅋ 녹차냄새
가벼운 물같은 제형이라 이거만 사용하면 건조하고요
닥토로 쓰기에는 좀 아까운 느낌이에요 
한 통 잘 사용했는데 저한테는 좀 건조한 느낌이라 다른 걸로 갈아탔습니다
평범하고 특별히 좋은 점은 없었던 거 같아요"
비건 밸런싱 토너,25세 · 복합성 ·,냄새가 한약? 같아서 저랑 좀 안맞고 정말 물같아서 보습은 잘 안되는거 같아요.. 이거 쓰고 크림형태 토너가 저한텐 잘 맞는다는 것을 깨달았습니다 ㅠㅠ
비건 밸런싱 토너,31세 · 지성 ·,걍 물 대신 바르는 토너임. 보습을 준다고 하기에도 너무나 애매한 정도의 보습력이라 차라리 물을 바른다 해도 과언은 아님ㅋ 그렇다고 나쁜 점은 찾아볼수 없어서 쏘쏘 누름  재구매는 없음
비건 밸런싱 토너,26세 · 복합성 ·,올리브영에서 듀오세트로 사면 살만해요. 그냥 물인데 손으로 바르면 보습이 어느 정도 된다는 게 신기. 화장솜에 묻혀 바르면 아무리 듬뿍 적셔도 좀 자극적으로 느껴져요. 점성이 없어서 그런가? 닦토로 쓰려고 산 건데 애매해요.
비건 밸런싱 토너,28세 · 복합성 ·,순하고 비건 제품이라 좋지만 보습이 좋은지는 솔직히 모르겠어요. 브랜드 철학도 맘에들고 이미지도 맘에 들었는데 ㅠ 지성인 제가 쓰면서도 아 좀 더 촉촉했음 좋겠다 싶었어요. 진정용으로 팩처럼 쓰거나 닦아내긴 좋습니다. 이후 꼭 촉촉한 세럼 로션 충분히 발라주셔야 해요.
비건 밸런싱 토너,27세 · 복합성 ·,"비건 토너라고 해서 구입해봤어요 근데 비건 인증같은걸 받은게 맞나요..? 잘 모르겠는데 어쨌든 임수정씨가 모델이 되면서 브랜드 이미지가 넘 좋아졌어요 ㅋㅋㅋ
제품 자체도 군더더기 없고 순해서 좋았어요 그리고 용기가 좀 무겁긴한데.. 디자인도 깔끔하고 예뻐서 만족스러운 소비였어요"
비건 밸런싱 토너,34세 · 민감성 ·,비건화장품이라고 해서 올리브*가서 구매했어요. 굉장히 순해서 민감성피부도 잘 맞을 것 같아요. 다만 겨울철 토너로 쓰기에는 지성피부인 저에게도 수분감이 부족한 느낌이였어요.
비건 밸런싱 토너,31세 · 중성 ·,"진짜 최강 순딩이???????????? 
피지 짜려고 엄청 자극 준 피부에 발라도 하나도 안 따갑고 흡수도 빠르고 촉촉하고 발림성도 좋고 다 좋았다. 
7스킨 하느라 너무 빨리 쓴 것이 단점이랄까..... 지금 보틀디자인으로 대용량으로 나오면 너무 좋을듯"
비건 밸런싱 토너,25세 · 복합성 ·,"요즘 들어 환경에 민감해지고 특히나 저는 동물을 너무너무 사랑하는 사람이라 비건 브랜드가 많아질수록 행복한 여자입니다?´▽`?

당연히 이 아이도 비건 브랜드라는 말에 바로 구매하게 되옸어요. 솔직히 제품력은 정말 무난해요. 진짜 그냥 수분 토너? 그 어떤 기능도 없이 저ㅓㅓㅓㅓㅓㅓㅓㅇ말로 수분만 채워줄 수 있는 토너라 이 아이를 암만 덧발라도 건조해져서 절대 단독이나 토너-크림 단계도 불가능해요. 꼭 로션 에센스 이런 아이들을 사용해줘야 하는?

그래도 닦토로 쓰기에도 무난하고 어떤 부분을 생각하든 다 무난한 편이라 무난한 닦토 찾으시는 분들에게 추천드려요! 여러분 우리 모두 비건 제품 사랑합시당...♡"
비건 밸런싱 토너,27세 · 복합성 ·,비건 제품이라는 점이 좋다 트러블 유발하는 것 같진 않지만 손에서 너무 금방 말라버린다고 해야 하나 양도 그리 많지 않은데 몇 번 다시 발라도 왠지 적게 바른 느낌이 들고 얼굴까지 수분이 전달되고 있는 걸까 싶은데 의문심이 느끼다가 한 병 다 씀
비건 밸런싱 토너,27세 · 건성 ·,녹차 냄새가 나서 건강해지는 느낌이고 닦토하기 좋지만 건성에게는 부족한 것같습니다.
비건 밸런싱 토너,20세 · 복합성 ·,"#제형 - 완전 물같음
#향 - 코박고 맡지 않는 이상 딱히 안 남
#수분감 - 본인은 수부지인데 이건 3스킨 해도 부족함  수분감 전혀 없음 조금도 채워지지 않음 그냥 갈색 물을 바르는 기분임 바르는 동안 잠시는 괜찮지만 나중에 건조함을 느끼게 됨
#유분감 - 당연히 없음

토너를 수분 채우는 용으로 쓰는 편인데 이건 그런 면에서는 진짜 별로지만, 비건 제품이고 딱히 트러블 유발도 없어서 쏘쏘 줌"
비건 밸런싱 토너,29세 · 민감성 ·,"아 이거 특이해요 사용감이 그냥 물 진짜 물이에요  보습감 촉촉함 이런건 전혀 전혀 1도 없어요
근데 이상하게 반 통 정도 비우니까 어느날부터 안색이 투명해진 느낌이 들더라구요? 하얘졌다거나 여드름 흉이 연해지거나 한건 아닌데 피부가 투명하고 깨끗해보여요
솔직히 사용감 그냥 그런데... 유연제나 보습제도 없는거 같고 그래서 바를 때 느낌도 그냥 물로 헹구는 느낌인데 게다가 가을겨울엔 건조해서 못써요 근데 왜 안색이 좋아지죠..? 녹차가 참 좋네요"
비건 밸런싱 토너,23세 · 복합성 ·,병이 참 예쁘고 요즘 비건에 관심이 많아서 써본 제품 ㅎㅎ 물스킨이라 바를때 힘들어서 미스트 공용기에 넣고 스킨케어 첫단계에 분사해준다. 근데 다 좋은데 ㅠㅠ.. 바를때 처음엔 녹차 향이 나다가 내 얼굴에 흡수만 시켰다 하면 찌린내가 난다 ㅠㅠㅜㅠㅠㅠㅜㅜㅜ 마스크때문에 계속 맡아지는데 처음엔 입냄새인줄 알았다가 이 스킨이 범인이라는거 알았음.. 넘나 충격적 ㅎ.. 한병 비우고 재구매는 안할 것 같다 ㅠㅠ
비건 밸런싱 토너,32세 · 건성 ·,"먼저 병이 유리병이라 넘 맘에들어요
한병다쓰고 꽃병으로활용중,,,
녹차수가 다한제품이라
여러겹 3토너해도 되고
여름에 트러블 날땐 화장솜에 적셔서
얼굴위에도 올려놨어요
진정과 수분감 채우는 그런토너!!
기능성은 없지만 저는 이런 기본토너선호해서 정말 잘쓰고있어요
모든 재료가 다 비건!"
비건 밸런싱 토너,35세 · 복합성 ·,"마스크 쓰고 트러블이 입술 주위를 시작으로 얼굴 전체로 퍼졌었어요ㅠㅠ 그러다가 비건화장품쓰면 좀 진정될까 싶어서 토너랑 크림세트를 구매했습니다.
토너 제형이 완전 가볍지도 그렇다고 무겁지도 않아요 워터제형인데 보습은 충분히 되더라구요.
저는 주로 화장솜에 적셔서 사용하는데 특히 건조한 날엔 닦아낸 후 한 번 더 발라줘요.
봄부터 지금까지 사용하고 있는데 한달 정도?부터 트러블이 눈에 띄게 줄어들었고 지금은 코로나 이전 피부로 돌아갔습니다!!ㅎㅎ
크림이랑 시너지 효과가 좋아서 인 것 같기도 한데 암튼 피부 진정 효과 정말 뛰어나요 앞으로도 쭉 재구매각 ㅎㅎ"
비건 밸런싱 토너,31세 · 중성 ·,"쓰고있던 토너가 다 써가고 있어서 올리브영앱 구경하다가 신상소식에 올라와 있길래 봤더니 평상시 기초는 무조건 성분이 착해야한다는 개인적인 견해가 있어서 얼른 장바구니에 담았드랬죠
완전 물 재질이에요
끈적이지않고 가볍기 때문에 여러번 레이어링해도 부담스럽지 않구요
저는 세번정도 레이어링 해서 피부에 흡수시켜주는데 뭔가 굉장히 물이라서 그런지 한번만 하기에는 아쉽다라는 느낌이 들거든요ㅋㅋㅋㅋ (막 건조할거같고 그런 느낌 저만 그런가요??)
결명자차 냄새같은게 은은하게 납니다
피부가 날씨를 굉장히 많이 타는 피부라 날씨가 쌀쌀해지면 사용감이 어떻게 변할지는 모르겠지만 일단 보름정도 사용해봤는데 나쁘지는 않은거 같아요"
비건 밸런싱 토너,31세 · 복합성 ·,"비건을 내건 브랜드여서 호기심 반, 1+1 행사때 저렴하게 구매할 수 있었어요. 가끔 안맞는다는 분들이 있어 복합/민감성 피부를 가진 저에게 다소 도전이었지만 전혀 문제없이 잘 쓰고있습니다. 천연 향을 좋아하는 편이라 향도 괜찮았구요. 가끔 스킨 팩으로 활용해주는데 진정도 잘 되고 좋습니다."
비건 밸런싱 토너,31세 · 건성 ·,"완전 순하고 가벼운 수분 가득한 물토너!
토너패드를 잠시 써봤는데 ... 실패하고...
돌고돌아 결국 화장솜에 내맘대로 적셔쓰는
물토너를 찾게 되더라고요 저는ㅋㅋ
그래서 정말 완전 토너의 기본 '수분'에 집중한 제품을 찾다
비건 브랜드 멜릭서를 알게 되었는데,
가볍고 여러번 레이어링해도 부담스럽지 않았어요!

재구매의사 있습니다~!"
비건 밸런싱 토너,40세 · 복합성 ·,"장점:
성분이 아주 깔끔하다. 미묘한 녹차향이 나는데 나는 꽤 좋았음. 화장솜에 왕창 덜어서 쓱쓱 닦아주거나 얼굴에 올려놓으면 피부 진정되는 느낌임. 이런 습기 많은 날씨에 쓰기도 좋다.

단점:
촉촉하긴 한데 오래가는 느낌은 아님."
비건 밸런싱 토너,32세 · 복합성 ·,민감한 피부인데 트러블없이 잘 맞아요. 향도 은은하니 거부감 없구요. 특별한 기능성이라기보단 닦토 혹은 삼스킨용으로 딱인것 같아요. 솜에 듬뿍뭍혀 가볍게 한번 닦아낸 후 손에 덜어서 로션바르듯 발라줘요. 세번까지는 귀찮아서 한번만 해줘도 나름 촉촉해요. 가격도 저렴한 편이어서 아낌없이 팍팍 쓰기 좋은것같아요. 한동안 토너 유목민이었는데 멜릭서로 정착할것 같네요.
비건 밸런싱 토너,27세 · 복합성 ·,일단 아침저녁 세안후 닦토로 쓰고 있는데 향도 그리 부담스럽지않았고 개인적으로 예민한피부는 아니지먼 트러블도 전혀 없어서 좀 쓰다보니 피부톤이 맑아진 느낌이 들더라구요. 그 왜 피부가 하얘진건 아닌데 맑고 투명해져서 피부가 하얘진 느낌 있잖아요. 올리브영에 항상쓰던 마몽드 로즈워터가 없어서 급한 마음에 비건이라길래 성분도 착하고 가격도 괜찮아서 샀는데 생각보다 너무 잘 맞아서 놀랬네요.. 로즈워터는 다시 구매해서 사용할거지만 이 제품도 꽤나 애용할수 있을것 같아요. 재구매의사있습니다.
비건 밸런싱 토너,33세 · 복합성 ·,"여름에 쓰기 아주 좋은 토너.
끈적임 없고, 흡수가 빨라서 여름에는 아주 적합하지만 건조해지면 뭘 섞어쓰거나 다른 기초를 튼튼하게 하지 않으면 고통받을 수 있음.

정말 흐르는 물제형이라서 솜에 적셔 사용하는게 편함.

사용하면서 뭔가 어마어마하게 좋다. 라기보다는 그냥 피부가 편안하고, 트러블이 줄어드는 느낌."
비건 밸런싱 토너,30세 · 민감성 ·,"움 
녹차가 굉장히 잘 받는 피부입미당
여름에 수분감을 주고싶어서 쓰는데 그냥 무난해요!
트러블 반응이 없어서 꾸준히 잘 쓰고 있습니당"
비건 밸런싱 토너,29세 · 건성 ·,"비건 브랜드라고 해서 인스타 광고로 관심 있게 보다가 쓰던 토너를 다 써서 구매했어요!

우선 비건 브랜드라는 게 너무 마음에 들고, 여름이다 보니 피부 열감을 내려주는 제품을 사고 싶다고 생각했는데, 녹차 토너이다 보니 피부 열감을 확 내려주는 거 같더라고요.

저만 느끼는 건지 모르겠는데 딱 바르면 시원해지는? 느낌이 들어서 피부가 열 올랐다가 편해지는 거 같았어요.
향은 비염이라서 ㅜㅜ 아직 잘 모르겠는데 향료가 들어간 건 아니라서 좋은 향?은 아닐 거 같아요.

제형은 물 토너고 여름에 수분감 많아서 찐득거리는 거보다 훨씬 좋은 거 같아요. 수분감 채워주는 촉촉한 토너는 아니에요!

피부 진정은 좀 더 써봐야 알겠지만 며칠 사용했을 때 녹차에 대한 게 거부반응이 없어서인지 트러블도 전혀 없었고 .. 다른 토너 눈에 들어오는 거 아닌 이상 재구매할 거 같아요 ㅎㅎ 그리고 우선 케이스가 너어어뮤 이뻐요"
비건 밸런싱 토너,30세 · 복합성 ·,"머랄까 화장전 가벼운 토너로 딱이랄까
괜춘!"
비건 밸런싱 토너,37세 · 중성 ·,"성분이 깔끔해서 넘 맘에 들구,
성분만큼이나 발림도 정말 깔끔해요.
수분감은 채워주는데 미끌거리거나 번들거림이 없어서
지금 계절에 부담없이 쓰기 완전 좋아요."
비건 밸런싱 토너,22세 · 중성 ·,향이 특이하구 무겁고 아직 오래못써봐서 따가워요 늦게자서 선크림두 발랐구 비건선크림 마녀공장 그저그런 비건팩으로 최고 수분감 색이 베이지 시원해요 부천이라 빨리옴 이틀안에 안정이 되긴하나
비건 밸런싱 토너,23세 · 민감성 ·,"20통 넘게 사용하고 있는 토너!
녹차 추출물 100%라 피부가 굉장히 편안함.
스킨 팩 자주 해주는 중!"
비건 밸런싱 토너,19세 · 복합성 ·,"비건브랜드에 관심이 많아지기도 하고
여드름 피부이다 보니 성분을 신경쓰기 시작했습니다
확실히 피부가 나아지는게 보이더라구요

멜릭서 토너는 확실히 진정이 잘 되는것 같아요
토너 팩 하면 정말 피부가 매끈해지더라구요

100% 추출물이라 해서 수문을 채워주는건 없을 것 같았는데
속수분은 꽉잡아줘서 토너는 정착한것같습니다
세일할때마다 사둬야겠어요 ㅎ"
비건 밸런싱 토너,29세 · 복합성 ·,"제가 워낙 민감한 피부와 수부지인데 이 제품은 화학성분이 없고 녹차추출물만 들어가있어서 너무 좋아요!!! 
이거쓰고나서 확실히 속건조도 없어지고 겨울에는 조금 건조할수있으니 환절기나 지금 여름날씨에 딱맞는 제품이에용?? 팩으로 사용하기 좋고 진정효과에 너무좋고 비건이라 피부가 건강해지는 기분입니다 :)
#글로리픽"
비건 밸런싱 토너,26세 · 복합성 ·,"??????% ?????????? ?????????????????? .
.

?????????? ?????????????????? ??????????: 
This Toner contains  100% of Green Tea Extract . 
This Toner helpings:
? to Reduce Redness .
?Calming irritation skin .
I like this Toner how it makes my Skin  Healthy , and moisturized ."
비건 밸런싱 토너,43세 · 민감성 ·,"무난하고 막 쓰기 좋아요. 가끔 1+1세일 하면 개당 9000원에 파는데 그때 쟁여놔요. 트러블성 피부가 아니라서 막 다르고 그런건 없는데 우선 국내 뷰티 시장 중 비건뷰티가 커지길 바라는 마음이 있어서 애용해요. 브랜드 이미지가 참 좋거든요.  
두병 뜯어서 한 병은 닦토로 한 병은 히알루론산이나 브루콜리 등 섞어서 찹찹 발라주는 편입니다. 3스킨 정도 하면 촉촉함이 오래가요."
비건 밸런싱 토너,35세 · 복합성 ·,일단은 계속 써보고 싶었던 제품이라서 드디어! 쓰기로 하고 구매했는데 일단은 무난하고 무향이라서 에센셜 오일에 예민하신 분들한테 잘 맞는거 같아요! 너무 좀 물이여서 코튼패드를 사용하지 않고 두드리면 좀 흘리는 경향이 있지만 그래도 일단 무난하며 그래도 수분감이랑 다음단계 준비로는 제격입니다!
비건 밸런싱 토너,30세 · 복합성 ·,예민한 피부도 잘 쓸 수 있어요. 녹차향도 은은하니 좋습니다. 비건 화장품 만세!
비건 밸런싱 토너,42세 · 중성 ·,"멜릭서라는 브랜드는 평소 비건화장품에 관심있기도 하고, 대표인터뷰나 인스타 등을 통해서 아주 호감도가 높은 브랜드였어요. 

+패키지
스타터 키트와 립버터도 사전 주문해서 사용해 봤어요. 친환경 포장재나 용기 디자인은 너무 맘에 쏙 들었어요. 

+나랑 안 맞아요
이 밸런싱 토너는 녹차수 베이스에요. 녹차 향이 많이 나구요. 아쉽게도 제 피부에는 안 맞았어요 ㅜㅜ
토너는 웬만하면 다 잘 맞는 편인데, 이 토너를 쓰니까 예민해지더라고요. 이유가 무엇일지 저도 궁금해요. 녹차가 안 맞는 건지. 

..결국 입 주변이 다 트고 난리가 났어요. 거의 2달 정도 고생했네요... 안 맞아도 이 정도일 줄이야... ??"
비건 밸런싱 토너,34세 · 복합성 ·,"무난하게 쓰기에 좋고, 성분이 순해서 좋았습니다.

엄청나게 촉촉해지는 느낌은 아니지만 닦아내는 토너 처럼 사용하거나, 화장솜을 활용하여 토너팩을 하기에 괜찮은 제품입니다!

용기는 유리 제질이라 무겁기는 하지만, 재활용 가능하고 고급스러움도 있어보이기도 합니다.

제품을 주문하고 배송받았을때 포장 패키징이 환경을 고려한 친환경적 패키징이라 그 점이 마음에 들었습니다.

비건인증 화장품이라서 환경을 생각하시거나 비건에 관심있으신 분들이시라면 추천드리고 싶고,
화장품과 그밖에 +@ 요소 또한 고려하셔서 구매하시는 분들께 더 좋은 화장품 브랜드 입니다!"
비건 릴리프 페이셜 크림,21세 · 복합성 ·,촉촉하면 끈적이거나 무거운 경우가 많은데 얘는 그렇지 않아요!! 부드럽고 가볍게 발리는데 촉촉함이 오랜 시간 가서 좋았어요 무거운 크림 정말 싫어하고 유분이 많으면 다음날 트러블 올라오는 경우가 많았거든요 그런 거 없이 피부가 편하게 발려서 좋았습니당
비건 릴리프 페이셜 크림,17세 · 지성 ·,평소에 찍찍한걸 싫어해서 가볍고 매트한 제형의 크림을 좋아하는데 이크림이 딱 그래요 유분이 많지도 않고 가볍고 깔끔하게 마무리돼요 성분도 착하고 향기는 허브향이라 저는 너무 좋아서 계속 쓰고 있어요 너무 가벼워서 겨울엔 조금 건조하다 느끼실 수 있는데 그럴땐 듬뿍떠서 착착 펴바르면 전혀 안건조해요 완전 강추해요
비건 릴리프 페이셜 크림,30세 · 복합성 ·,"브랜드 감성도 마음에 들고, 비건이라는 점이 흥미로워서 호기심에 구매해봤어요. 가격이 있는 만큼 용량도 많아요! 향도 나쁘지 않고 가벼운 젤 타입 제형도 나쁘지 않은데, 제 피부에 뭔가 잘 안 맞는 성분이 있는 건지 제가 쓰는 색조랑 상충하는 무언가가 있는 건지.. 아침에 이 크림 바르고 그 위에 화장하면 좀 뭉치거나 밀리는 경향이 있어요.
기초 충분히 시간 두고 흡수 시킨 다음, 화장도 여유를 두고 하는데도 이 제품만 쓰고 나면 이런 현상이..ㅠㅠ
크림 바르고 나서도 약~간 묘하게 겉도는 느낌이 드는데 이건 제 취향도 한 몫 하는 것 같아유"
비건 릴리프 페이셜 크림,35세 · 복합성 ·,"수분감이 가득한 젤 제형이고 향도 너무 좋아요 ㅎㅎ
봄, 여름에 사용하기는 좋은데 가을, 겨울에는 좀 건조할 거 같아요ㅠㅠ
저는 그래서 이 크림 바르고 좀 더 리치한 크림을 볼에만 한 번 더 발라주고 있어요
하지만 마스크때문에 생긴 트러블이나 자극케어가 정말 뛰어나서 계속 사용할 예정입니당"
비건 릴리프 페이셜 크림,22세 · 중성 ·,소나무 향이 좋지만 초록색도 이쁘고 쫀쫀하고 영양 탄탄해요 하지만  따가워요  밀림 선크림 바르기전 바르는데 좋은거 사거나 크림만 바르고  건성용인데 엄마주려다 슬리핑팩인데 큰 효과 없어요 홍보  인스타보고 기대 햄프씨드 들어가
비건 릴리프 페이셜 크림,37세 · 중성 ·,"바를 때 느낌이 정말 순하고
얼굴이 쫀쫀해지는 느낌이 들어요.
유분감 땜에 번들거리는 느낌이 들지 않아
깔끔하게 쏙 잡아주는 느낌이구요.
지금 같은 여름 계절에 쓰기 넘 좋네요.
비건 화장품이라 더 응원하고 싶고요."
비건 릴리프 페이셜 크림,23세 · 민감성 ·,"너무 많이 바르면 메이크업 할 때 때처럼 밀림!
그러나 피부가 굉장히 편안하고, 자기 전에 수면팩처럼 두껍게 올리고 자도 답답함 없이 유수분을 채워줌.
피부가 알레르기성 접촉성 피부염을 겪은 이후로 안 맞는 화장품이 많아져서, 대부분 새로운 화장품을 시도 했을 때 알러지 반응이 올라오는데 이 크림은 그런게 없어서 좋았음.
멜릭서 브랜드 자체가 비건 브랜드라 브랜드 이념도 너무 좋고 자주 이용할 듯!"
비건 스쿠알란 오일,35세 · 중성 ·,"비건이라고해서 사면서도 아 비싸네?
하고 샀는데 이제품 진짜 제친구들한테도 다 추천하고있어요.
오일리하지 않고 적은양으로 가볍게 잘 잡아줘요!
흡수도 빠르고 굉장히 순한 느낌!
굳이 단점을 찾자면.. 좀 묽어서 얼굴에서 흘러내리는정도?"
비건 스쿠알란 오일,30세 · 복합성 ·,토너-수분크림에 가끔 피부 상태에 따라 팩을 하는것이 기초 화장의 전부입니다.
비건 스쿠알란 오일,33세 · 복합성 ·,"양이.작고 비싸서 이거뭐야ㅡㅡ... 했는데
거짓말 안보태고 한방울로 보습이 된다 멀티 오일이라고 머리에 해도 된다고 해서 한번 발랐는데 떡져서 난리.... 오일이 안맞는 피부라 오일바르면 바로 여드름 올라오는데 여드름도 안나고 완전 좋음 이거 진짜 물건임"
비건 스쿠알란 오일,38세 · 복합성 ·,"비건이라 그런지 상당히 순하네요
오일타입님제 밀리는거 없고 흡수력 빨라요"
비건 스쿠알란 오일,28세 · 복합성 ·,"요즘 피부가 너무 얇고 건조해져서 오일 쓰면 좀 나아질까 해서 구입했습니다. 제 피부는 수부지이나 가을겨울엔 건성에 더 가깝고 몹시 얇은 편입니다.

1. 아~주 묽은 제형입니다. 정말 물처럼 뚝뚝 흘러내려요. 스포이드가 오일을 잘 잡아주지 못해서 아주 살짝만 힘줘도 뚝뚝 흘러내리기 때문에 양 조절할 때 몹시 심혈을 기울이셔야 합니다.

2. 향은 남자 스킨냄새가 좀 나다가 얼굴에 바르면 금방 날아갑니다. 처음엔 약간 떨떠름한 기분이다가 이젠 적응해서 괜찮아졌습니다.

3. 수부지용 오일이라 소개하길래 제 수분감을 좀 붙잡아주길 바라며 구입했는데... 아닙니다. 저녁 먹을 때쯤 되면 수분도 유분도 없어 퍼석하고 건조해져요. 제가 산 스킨케어제품 중 가장 고가인데 오일의 기초적인 기능조차 제대로 수행하지 못해 몹시 아쉽네요.

4. 가벼운 오일을 찾거나 비건 스킨케어가 궁금한 분들이라면 한번쯤 써볼만한 것 같습니다. 굉장히 가볍고 산뜻하게 발립니다. 적은 용량이지만 한번에 한두방울씩 사용하니 꽤 오래 쓸 것 같습니다.
유수분을 붙잡아주지 못하고 제 기준 부담되는 가격이라 쏘쏘 줍니다. 재구매 의사는 없습니다."
순수 비타민C 세럼,34세 · 복합성 ·,제품력 자체는 무난함 제형은 액체인데 쓰고 나서 수분감이 드는게 아니라 약한 유분감이 남음 유통기한이 짧아서 빨리 써야 함 비건 제품이라 비건인 사람들이 쓰기 좋을듯
순수 비타민C 세럼,30세 · 복합성 ·,여태 여섯통 정도 썼어요 향 좋고 촉촉하고 순하고 무난합니다 대표적인 크루얼티프리 비건 브랜드라 믿고 사용합니다
비건 에어핏 선스크린 [SPF50+/PA++++],28세 · 복합성 ·,멜릭서에서 써본 제품 중 저는 선크림이 가장 맘에 들었어요!! 용기도 펌핑형이라 쓰기 엄청 편하고 유분기나 답답한 느낌 전혀 없이 로션 제형이에요!! 그러면서도 눈이 아프거나 시린 느낌도 없어서 데일리 선크림으로 이만한게 없는 거 같아요
비건 비타민C 세럼,31세 · 복합성 ·,막연히 좋겠지 라는 생각에 기대하고 주문했는데.. 성분은 좋겠지만 바른 후 냄새가 식초냄새예요. 참고 몇번 발랐다가 어딘가에 처박혀있음 ㅠ
